time,observable,value,cut,channel,gamma,model,N,m_over_g,x,initial_state,quench
0.0,entropy_vn,0.3642377605495837,4,charge_dephasing,0.0,schwinger,10,0.125,4.0,string_gs,e0_drop
0.0,mean_abs_L,0.16748042707438646,4,charge_dephasing,0.0,schwinger,10,0.125,4.0,string_gs,e0_drop
0.1,entropy_vn,0.41705712687112667,4,charge_dephasing,0.0,schwinger,10,0.125,4.0,string_gs,e0_drop
0.1,mean_abs_L,0.1882714162030024,4,charge_dephasing,0.0,schwinger,10,0.125,4.0,string_gs,e0_drop
0.2,entropy_vn,0.5277788271809399,4,charge_dephasing,0.0,schwinger,10,0.125,4.0,string_gs,e0_drop
0.2,mean_abs_L,0.2260016227677449,4,charge_dephasing,0.0,schwinger,10,0.125,4.0,string_gs,e0_drop
0.30000000000000004,entropy_vn,0.6414358125535863,4,charge_dephasing,0.0,schwinger,10,0.125,4.0,string_gs,e0_drop
0.30000000000000004,mean_abs_L,0.24385519342274867,4,charge_dephasing,0.0,schwinger,10,0.125,4.0,string_gs,e0_drop
0.4,entropy_vn,0.7414462439024897,4,charge_dephasing,0.0,schwinger,10,0.125,4.0,string_gs,e0_drop
0.4,mean_abs_L,0.24258914536402168,4,charge_dephasing,0.0,schwinger,10,0.125,4.0,string_gs,e0_drop
0.5,entropy_vn,0.8288569424290388,4,charge_dephasing,0.0,schwinger,10,0.125,4.0,string_gs,e0_drop
0.5,mean_abs_L,0.24595072756922834,4,charge_dephasing,0.0,schwinger,10,0.125,4.0,string_gs,e0_drop
0.6000000000000001,entropy_vn,0.893310390373558,4,charge_dephasing,0.0,schwinger,10,0.125,4.0,string_gs,e0_drop
0.6000000000000001,mean_abs_L,0.25779097407945056,4,charge_dephasing,0.0,schwinger,10,0.125,4.0,string_gs,e0_drop
0.7000000000000001,entropy_vn,0.9202787361550286,4,charge_dephasing,0.0,schwinger,10,0.125,4.0,string_gs,e0_drop
0.7000000000000001,mean_abs_L,0.26433998231137934,4,charge_dephasing,0.0,schwinger,10,0.125,4.0,string_gs,e0_drop
0.8,entropy_vn,0.9012176897809029,4,charge_dephasing,0.0,schwinger,10,0.125,4.0,string_gs,e0_drop
0.8,mean_abs_L,0.2952146890090043,4,charge_dephasing,0.0,schwinger,10,0.125,4.0,string_gs,e0_drop
0.9,entropy_vn,0.8395774049384619,4,charge_dephasing,0.0,schwinger,10,0.125,4.0,string_gs,e0_drop
0.9,mean_abs_L,0.3221867135571079,4,charge_dephasing,0.0,schwinger,10,0.125,4.0,string_gs,e0_drop
1.0,entropy_vn,0.7752042091721116,4,charge_dephasing,0.0,schwinger,10,0.125,4.0,string_gs,e0_drop
1.0,mean_abs_L,0.34040785860735706,4,charge_dephasing,0.0,schwinger,10,0.125,4.0,string_gs,e0_drop
1.1,entropy_vn,0.7570169155376116,4,charge_dephasing,0.0,schwinger,10,0.125,4.0,string_gs,e0_drop
1.1,mean_abs_L,0.34705678235365184,4,charge_dephasing,0.0,schwinger,10,0.125,4.0,string_gs,e0_drop
1.2000000000000002,entropy_vn,0.7902362568123118,4,charge_dephasing,0.0,schwinger,10,0.125,4.0,string_gs,e0_drop
1.2000000000000002,mean_abs_L,0.34054426999537785,4,charge_dephasing,0.0,schwinger,10,0.125,4.0,string_gs,e0_drop
1.3,entropy_vn,0.8288894268632501,4,charge_dephasing,0.0,schwinger,10,0.125,4.0,string_gs,e0_drop
1.3,mean_abs_L,0.31944571380625847,4,charge_dephasing,0.0,schwinger,10,0.125,4.0,string_gs,e0_drop
1.4000000000000001,entropy_vn,0.8222737083271889,4,charge_dephasing,0.0,schwinger,10,0.125,4.0,string_gs,e0_drop
1.4000000000000001,mean_abs_L,0.2875384732245472,4,charge_dephasing,0.0,schwinger,10,0.125,4.0,string_gs,e0_drop
1.5,entropy_vn,0.780996591787799,4,charge_dephasing,0.0,schwinger,10,0.125,4.0,string_gs,e0_drop
1.5,mean_abs_L,0.2602489178681588,4,charge_dephasing,0.0,schwinger,10,0.125,4.0,string_gs,e0_drop
1.6,entropy_vn,0.7526876004272673,4,charge_dephasing,0.0,schwinger,10,0.125,4.0,string_gs,e0_drop
1.6,mean_abs_L,0.2395118848557013,4,charge_dephasing,0.0,schwinger,10,0.125,4.0,string_gs,e0_drop
1.7000000000000002,entropy_vn,0.7645880473971376,4,charge_dephasing,0.0,schwinger,10,0.125,4.0,string_gs,e0_drop
1.7000000000000002,mean_abs_L,0.22505299252156982,4,charge_dephasing,0.0,schwinger,10,0.125,4.0,string_gs,e0_drop
1.8,entropy_vn,0.7917629589050836,4,charge_dephasing,0.0,schwinger,10,0.125,4.0,string_gs,e0_drop
1.8,mean_abs_L,0.21824520823135402,4,charge_dephasing,0.0,schwinger,10,0.125,4.0,string_gs,e0_drop
1.9000000000000001,entropy_vn,0.7784609411678207,4,charge_dephasing,0.0,schwinger,10,0.125,4.0,string_gs,e0_drop
1.9000000000000001,mean_abs_L,0.21375575563396731,4,charge_dephasing,0.0,schwinger,10,0.125,4.0,string_gs,e0_drop
2.0,entropy_vn,0.6913617728679802,4,charge_dephasing,0.0,schwinger,10,0.125,4.0,string_gs,e0_drop
2.0,mean_abs_L,0.21019098200062775,4,charge_dephasing,0.0,schwinger,10,0.125,4.0,string_gs,e0_drop
2.1,entropy_vn,0.5616053432873971,4,charge_dephasing,0.0,schwinger,10,0.125,4.0,string_gs,e0_drop
2.1,mean_abs_L,0.21038727366272858,4,charge_dephasing,0.0,schwinger,10,0.125,4.0,string_gs,e0_drop
2.2,entropy_vn,0.48676207357308376,4,charge_dephasing,0.0,schwinger,10,0.125,4.0,string_gs,e0_drop
2.2,mean_abs_L,0.21339287975972251,4,charge_dephasing,0.0,schwinger,10,0.125,4.0,string_gs,e0_drop
2.3000000000000003,entropy_vn,0.5295548885106564,4,charge_dephasing,0.0,schwinger,10,0.125,4.0,string_gs,e0_drop
2.3000000000000003,mean_abs_L,0.21627917654647505,4,charge_dephasing,0.0,schwinger,10,0.125,4.0,string_gs,e0_drop
2.4000000000000004,entropy_vn,0.6407654275854435,4,charge_dephasing,0.0,schwinger,10,0.125,4.0,string_gs,e0_drop
2.4000000000000004,mean_abs_L,0.2214109618679447,4,charge_dephasing,0.0,schwinger,10,0.125,4.0,string_gs,e0_drop
2.5,entropy_vn,0.7490809809588123,4,charge_dephasing,0.0,schwinger,10,0.125,4.0,string_gs,e0_drop
2.5,mean_abs_L,0.23212621017326876,4,charge_dephasing,0.0,schwinger,10,0.125,4.0,string_gs,e0_drop
2.6,entropy_vn,0.8231434508813179,4,charge_dephasing,0.0,schwinger,10,0.125,4.0,string_gs,e0_drop
2.6,mean_abs_L,0.24475727935406683,4,charge_dephasing,0.0,schwinger,10,0.125,4.0,string_gs,e0_drop
2.7,entropy_vn,0.8667527561894498,4,charge_dephasing,0.0,schwinger,10,0.125,4.0,string_gs,e0_drop
2.7,mean_abs_L,0.25399404218960897,4,charge_dephasing,0.0,schwinger,10,0.125,4.0,string_gs,e0_drop
2.8000000000000003,entropy_vn,0.8753863193708498,4,charge_dephasing,0.0,schwinger,10,0.125,4.0,string_gs,e0_drop
2.8000000000000003,mean_abs_L,0.2616240681929906,4,charge_dephasing,0.0,schwinger,10,0.125,4.0,string_gs,e0_drop
2.9000000000000004,entropy_vn,0.8510608041163987,4,charge_dephasing,0.0,schwinger,10,0.125,4.0,string_gs,e0_drop
2.9000000000000004,mean_abs_L,0.2796784349064183,4,charge_dephasing,0.0,schwinger,10,0.125,4.0,string_gs,e0_drop
3.0,entropy_vn,0.830354974843675,4,charge_dephasing,0.0,schwinger,10,0.125,4.0,string_gs,e0_drop
3.0,mean_abs_L,0.30702222685760544,4,charge_dephasing,0.0,schwinger,10,0.125,4.0,string_gs,e0_drop
3.1,entropy_vn,0.8425194733024812,4,charge_dephasing,0.0,schwinger,10,0.125,4.0,string_gs,e0_drop
3.1,mean_abs_L,0.3340546605214698,4,charge_dephasing,0.0,schwinger,10,0.125,4.0,string_gs,e0_drop
3.2,entropy_vn,0.8773908195917024,4,charge_dephasing,0.0,schwinger,10,0.125,4.0,string_gs,e0_drop
3.2,mean_abs_L,0.34643179735770835,4,charge_dephasing,0.0,schwinger,10,0.125,4.0,string_gs,e0_drop
3.3000000000000003,entropy_vn,0.8965283223028946,4,charge_dephasing,0.0,schwinger,10,0.125,4.0,string_gs,e0_drop
3.3000000000000003,mean_abs_L,0.34106442692201966,4,charge_dephasing,0.0,schwinger,10,0.125,4.0,string_gs,e0_drop
3.4000000000000004,entropy_vn,0.8808981576523938,4,charge_dephasing,0.0,schwinger,10,0.125,4.0,string_gs,e0_drop
3.4000000000000004,mean_abs_L,0.3176116841890321,4,charge_dephasing,0.0,schwinger,10,0.125,4.0,string_gs,e0_drop
3.5,entropy_vn,0.8403111800336727,4,charge_dephasing,0.0,schwinger,10,0.125,4.0,string_gs,e0_drop
3.5,mean_abs_L,0.2882194253029056,4,charge_dephasing,0.0,schwinger,10,0.125,4.0,string_gs,e0_drop
3.6,entropy_vn,0.8010476341634118,4,charge_dephasing,0.0,schwinger,10,0.125,4.0,string_gs,e0_drop
3.6,mean_abs_L,0.26916580806951246,4,charge_dephasing,0.0,schwinger,10,0.125,4.0,string_gs,e0_drop
3.7,entropy_vn,0.7714774977948046,4,charge_dephasing,0.0,schwinger,10,0.125,4.0,string_gs,e0_drop
3.7,mean_abs_L,0.2409337252988904,4,charge_dephasing,0.0,schwinger,10,0.125,4.0,string_gs,e0_drop
3.8000000000000003,entropy_vn,0.7391953179824768,4,charge_dephasing,0.0,schwinger,10,0.125,4.0,string_gs,e0_drop
3.8000000000000003,mean_abs_L,0.21663368723442705,4,charge_dephasing,0.0,schwinger,10,0.125,4.0,string_gs,e0_drop
3.9000000000000004,entropy_vn,0.7044173557961042,4,charge_dephasing,0.0,schwinger,10,0.125,4.0,string_gs,e0_drop
3.9000000000000004,mean_abs_L,0.20524200066589718,4,charge_dephasing,0.0,schwinger,10,0.125,4.0,string_gs,e0_drop
4.0,entropy_vn,0.6626082035111914,4,charge_dephasing,0.0,schwinger,10,0.125,4.0,string_gs,e0_drop
4.0,mean_abs_L,0.2062971159333104,4,charge_dephasing,0.0,schwinger,10,0.125,4.0,string_gs,e0_drop
4.1000000000000005,entropy_vn,0.6125869087920384,4,charge_dephasing,0.0,schwinger,10,0.125,4.0,string_gs,e0_drop
4.1000000000000005,mean_abs_L,0.21339797964844193,4,charge_dephasing,0.0,schwinger,10,0.125,4.0,string_gs,e0_drop
4.2,entropy_vn,0.5699364751672319,4,charge_dephasing,0.0,schwinger,10,0.125,4.0,string_gs,e0_drop
4.2,mean_abs_L,0.21997230125132816,4,charge_dephasing,0.0,schwinger,10,0.125,4.0,string_gs,e0_drop
4.3,entropy_vn,0.5779481885334075,4,charge_dephasing,0.0,schwinger,10,0.125,4.0,string_gs,e0_drop
4.3,mean_abs_L,0.22309341809813787,4,charge_dephasing,0.0,schwinger,10,0.125,4.0,string_gs,e0_drop
4.4,entropy_vn,0.6640256538153437,4,charge_dephasing,0.0,schwinger,10,0.125,4.0,string_gs,e0_drop
4.4,mean_abs_L,0.2236769532714592,4,charge_dephasing,0.0,schwinger,10,0.125,4.0,string_gs,e0_drop
4.5,entropy_vn,0.7785626228898574,4,charge_dephasing,0.0,schwinger,10,0.125,4.0,string_gs,e0_drop
4.5,mean_abs_L,0.22307637389982282,4,charge_dephasing,0.0,schwinger,10,0.125,4.0,string_gs,e0_drop
4.6000000000000005,entropy_vn,0.8441124364536208,4,charge_dephasing,0.0,schwinger,10,0.125,4.0,string_gs,e0_drop
4.6000000000000005,mean_abs_L,0.22150363131624218,4,charge_dephasing,0.0,schwinger,10,0.125,4.0,string_gs,e0_drop
4.7,entropy_vn,0.8443395068664117,4,charge_dephasing,0.0,schwinger,10,0.125,4.0,string_gs,e0_drop
4.7,mean_abs_L,0.22230687997221063,4,charge_dephasing,0.0,schwinger,10,0.125,4.0,string_gs,e0_drop
4.800000000000001,entropy_vn,0.8151861471514178,4,charge_dephasing,0.0,schwinger,10,0.125,4.0,string_gs,e0_drop
4.800000000000001,mean_abs_L,0.23340064911675087,4,charge_dephasing,0.0,schwinger,10,0.125,4.0,string_gs,e0_drop
4.9,entropy_vn,0.7939514408107876,4,charge_dephasing,0.0,schwinger,10,0.125,4.0,string_gs,e0_drop
4.9,mean_abs_L,0.25733051563032183,4,charge_dephasing,0.0,schwinger,10,0.125,4.0,string_gs,e0_drop
5.0,entropy_vn,0.7950344824227746,4,charge_dephasing,0.0,schwinger,10,0.125,4.0,string_gs,e0_drop
5.0,mean_abs_L,0.2829519862793173,4,charge_dephasing,0.0,schwinger,10,0.125,4.0,string_gs,e0_drop
5.1000000000000005,entropy_vn,0.8042468512290426,4,charge_dephasing,0.0,schwinger,10,0.125,4.0,string_gs,e0_drop
5.1000000000000005,mean_abs_L,0.3147386303489731,4,charge_dephasing,0.0,schwinger,10,0.125,4.0,string_gs,e0_drop
5.2,entropy_vn,0.8083866565485167,4,charge_dephasing,0.0,schwinger,10,0.125,4.0,string_gs,e0_drop
5.2,mean_abs_L,0.3374594073067497,4,charge_dephasing,0.0,schwinger,10,0.125,4.0,string_gs,e0_drop
5.300000000000001,entropy_vn,0.8037896643317575,4,charge_dephasing,0.0,schwinger,10,0.125,4.0,string_gs,e0_drop
5.300000000000001,mean_abs_L,0.3417028004773297,4,charge_dephasing,0.0,schwinger,10,0.125,4.0,string_gs,e0_drop
5.4,entropy_vn,0.8130673518708653,4,charge_dephasing,0.0,schwinger,10,0.125,4.0,string_gs,e0_drop
5.4,mean_abs_L,0.3287325118308503,4,charge_dephasing,0.0,schwinger,10,0.125,4.0,string_gs,e0_drop
5.5,entropy_vn,0.8501502858868462,4,charge_dephasing,0.0,schwinger,10,0.125,4.0,string_gs,e0_drop
5.5,mean_abs_L,0.30200606883767117,4,charge_dephasing,0.0,schwinger,10,0.125,4.0,string_gs,e0_drop
5.6000000000000005,entropy_vn,0.9042412519174952,4,charge_dephasing,0.0,schwinger,10,0.125,4.0,string_gs,e0_drop
5.6000000000000005,mean_abs_L,0.28047244635066626,4,charge_dephasing,0.0,schwinger,10,0.125,4.0,string_gs,e0_drop
5.7,entropy_vn,0.9420416238615033,4,charge_dephasing,0.0,schwinger,10,0.125,4.0,string_gs,e0_drop
5.7,mean_abs_L,0.2614077434887753,4,charge_dephasing,0.0,schwinger,10,0.125,4.0,string_gs,e0_drop
5.800000000000001,entropy_vn,0.9184245855609725,4,charge_dephasing,0.0,schwinger,10,0.125,4.0,string_gs,e0_drop
5.800000000000001,mean_abs_L,0.25324447848396087,4,charge_dephasing,0.0,schwinger,10,0.125,4.0,string_gs,e0_drop
5.9,entropy_vn,0.8190462822708782,4,charge_dephasing,0.0,schwinger,10,0.125,4.0,string_gs,e0_drop
5.9,mean_abs_L,0.24009619877974606,4,charge_dephasing,0.0,schwinger,10,0.125,4.0,string_gs,e0_drop
6.0,entropy_vn,0.6902624995856209,4,charge_dephasing,0.0,schwinger,10,0.125,4.0,string_gs,e0_drop
6.0,mean_abs_L,0.226013976403446,4,charge_dephasing,0.0,schwinger,10,0.125,4.0,string_gs,e0_drop
0.0,entropy_vn,0.3642377605495837,4,charge_dephasing,0.02,schwinger,10,0.125,4.0,string_gs,e0_drop
0.0,mean_abs_L,0.16748042707438646,4,charge_dephasing,0.02,schwinger,10,0.125,4.0,string_gs,e0_drop
0.1,entropy_vn,0.43298003908746013,4,charge_dephasing,0.02,schwinger,10,0.125,4.0,string_gs,e0_drop
0.1,mean_abs_L,0.188279574839202,4,charge_dephasing,0.02,schwinger,10,0.125,4.0,string_gs,e0_drop
0.2,entropy_vn,0.5581734887695602,4,charge_dephasing,0.02,schwinger,10,0.125,4.0,string_gs,e0_drop
0.2,mean_abs_L,0.22606421107574162,4,charge_dephasing,0.02,schwinger,10,0.125,4.0,string_gs,e0_drop
0.30000000000000004,entropy_vn,0.6855123875550964,4,charge_dephasing,0.02,schwinger,10,0.125,4.0,string_gs,e0_drop
0.30000000000000004,mean_abs_L,0.24402584453389123,4,charge_dephasing,0.02,schwinger,10,0.125,4.0,string_gs,e0_drop
0.4,entropy_vn,0.7987603501928756,4,charge_dephasing,0.02,schwinger,10,0.125,4.0,string_gs,e0_drop
0.4,mean_abs_L,0.24284089193936603,4,charge_dephasing,0.02,schwinger,10,0.125,4.0,string_gs,e0_drop
0.5,entropy_vn,0.8987003568470935,4,charge_dephasing,0.02,schwinger,10,0.125,4.0,string_gs,e0_drop
0.5,mean_abs_L,0.2461819749061667,4,charge_dephasing,0.02,schwinger,10,0.125,4.0,string_gs,e0_drop
0.6000000000000001,entropy_vn,0.9754876100652412,4,charge_dephasing,0.02,schwinger,10,0.125,4.0,string_gs,e0_drop
0.6000000000000001,mean_abs_L,0.2579698227088333,4,charge_dephasing,0.02,schwinger,10,0.125,4.0,string_gs,e0_drop
0.7000000000000001,entropy_vn,1.0150997528525427,4,charge_dephasing,0.02,schwinger,10,0.125,4.0,string_gs,e0_drop
0.7000000000000001,mean_abs_L,0.26453100580233235,4,charge_dephasing,0.02,schwinger,10,0.125,4.0,string_gs,e0_drop
0.8,entropy_vn,1.0098845838229087,4,charge_dephasing,0.02,schwinger,10,0.125,4.0,string_gs,e0_drop
0.8,mean_abs_L,0.2942482258877957,4,charge_dephasing,0.02,schwinger,10,0.125,4.0,string_gs,e0_drop
0.9,entropy_vn,0.9642703318176122,4,charge_dephasing,0.02,schwinger,10,0.125,4.0,string_gs,e0_drop
0.9,mean_abs_L,0.3207654801555061,4,charge_dephasing,0.02,schwinger,10,0.125,4.0,string_gs,e0_drop
1.0,entropy_vn,0.9165081628579221,4,charge_dephasing,0.02,schwinger,10,0.125,4.0,string_gs,e0_drop
1.0,mean_abs_L,0.3391052930710177,4,charge_dephasing,0.02,schwinger,10,0.125,4.0,string_gs,e0_drop
1.1,entropy_vn,0.9144003419592308,4,charge_dephasing,0.02,schwinger,10,0.125,4.0,string_gs,e0_drop
1.1,mean_abs_L,0.34611748673066417,4,charge_dephasing,0.02,schwinger,10,0.125,4.0,string_gs,e0_drop
1.2000000000000002,entropy_vn,0.9598883589107245,4,charge_dephasing,0.02,schwinger,10,0.125,4.0,string_gs,e0_drop
1.2000000000000002,mean_abs_L,0.3402778126703626,4,charge_dephasing,0.02,schwinger,10,0.125,4.0,string_gs,e0_drop
1.3,entropy_vn,1.007354609612034,4,charge_dephasing,0.02,schwinger,10,0.125,4.0,string_gs,e0_drop
1.3,mean_abs_L,0.3202204140038485,4,charge_dephasing,0.02,schwinger,10,0.125,4.0,string_gs,e0_drop
1.4000000000000001,entropy_vn,1.0164961373493517,4,charge_dephasing,0.02,schwinger,10,0.125,4.0,string_gs,e0_drop
1.4000000000000001,mean_abs_L,0.2884048881037684,4,charge_dephasing,0.02,schwinger,10,0.125,4.0,string_gs,e0_drop
1.5,entropy_vn,0.9950340648263076,4,charge_dephasing,0.02,schwinger,10,0.125,4.0,string_gs,e0_drop
1.5,mean_abs_L,0.26120814081305543,4,charge_dephasing,0.02,schwinger,10,0.125,4.0,string_gs,e0_drop
1.6,entropy_vn,0.9823217239067417,4,charge_dephasing,0.02,schwinger,10,0.125,4.0,string_gs,e0_drop
1.6,mean_abs_L,0.24131365746149008,4,charge_dephasing,0.02,schwinger,10,0.125,4.0,string_gs,e0_drop
1.7000000000000002,entropy_vn,1.007252641443652,4,charge_dephasing,0.02,schwinger,10,0.125,4.0,string_gs,e0_drop
1.7000000000000002,mean_abs_L,0.22745103396732735,4,charge_dephasing,0.02,schwinger,10,0.125,4.0,string_gs,e0_drop
1.8,entropy_vn,1.0444303276891431,4,charge_dephasing,0.02,schwinger,10,0.125,4.0,string_gs,e0_drop
1.8,mean_abs_L,0.2210563196576828,4,charge_dephasing,0.02,schwinger,10,0.125,4.0,string_gs,e0_drop
1.9000000000000001,entropy_vn,1.0434352693288453,4,charge_dephasing,0.02,schwinger,10,0.125,4.0,string_gs,e0_drop
1.9000000000000001,mean_abs_L,0.21702641393560895,4,charge_dephasing,0.02,schwinger,10,0.125,4.0,string_gs,e0_drop
2.0,entropy_vn,0.9756392022809814,4,charge_dephasing,0.02,schwinger,10,0.125,4.0,string_gs,e0_drop
2.0,mean_abs_L,0.21391866401374995,4,charge_dephasing,0.02,schwinger,10,0.125,4.0,string_gs,e0_drop
2.1,entropy_vn,0.8717866240470811,4,charge_dephasing,0.02,schwinger,10,0.125,4.0,string_gs,e0_drop
2.1,mean_abs_L,0.2143440008396713,4,charge_dephasing,0.02,schwinger,10,0.125,4.0,string_gs,e0_drop
2.2,entropy_vn,0.8188404520573418,4,charge_dephasing,0.02,schwinger,10,0.125,4.0,string_gs,e0_drop
2.2,mean_abs_L,0.2173795756235132,4,charge_dephasing,0.02,schwinger,10,0.125,4.0,string_gs,e0_drop
2.3000000000000003,entropy_vn,0.8663778811524528,4,charge_dephasing,0.02,schwinger,10,0.125,4.0,string_gs,e0_drop
2.3000000000000003,mean_abs_L,0.22022238872771985,4,charge_dephasing,0.02,schwinger,10,0.125,4.0,string_gs,e0_drop
2.4000000000000004,entropy_vn,0.9743878627117525,4,charge_dephasing,0.02,schwinger,10,0.125,4.0,string_gs,e0_drop
2.4000000000000004,mean_abs_L,0.22503879089301224,4,charge_dephasing,0.02,schwinger,10,0.125,4.0,string_gs,e0_drop
2.5,entropy_vn,1.084313742925565,4,charge_dephasing,0.02,schwinger,10,0.125,4.0,string_gs,e0_drop
2.5,mean_abs_L,0.23495060173890028,4,charge_dephasing,0.02,schwinger,10,0.125,4.0,string_gs,e0_drop
2.6,entropy_vn,1.1666968435630474,4,charge_dephasing,0.02,schwinger,10,0.125,4.0,string_gs,e0_drop
2.6,mean_abs_L,0.24655224461199307,4,charge_dephasing,0.02,schwinger,10,0.125,4.0,string_gs,e0_drop
2.7,entropy_vn,1.2177103180933526,4,charge_dephasing,0.02,schwinger,10,0.125,4.0,string_gs,e0_drop
2.7,mean_abs_L,0.2549096412948599,4,charge_dephasing,0.02,schwinger,10,0.125,4.0,string_gs,e0_drop
2.8000000000000003,entropy_vn,1.2351061504024508,4,charge_dephasing,0.02,schwinger,10,0.125,4.0,string_gs,e0_drop
2.8000000000000003,mean_abs_L,0.26175836814347947,4,charge_dephasing,0.02,schwinger,10,0.125,4.0,string_gs,e0_drop
2.9000000000000004,entropy_vn,1.226161070026254,4,charge_dephasing,0.02,schwinger,10,0.125,4.0,string_gs,e0_drop
2.9000000000000004,mean_abs_L,0.2742829119648198,4,charge_dephasing,0.02,schwinger,10,0.125,4.0,string_gs,e0_drop
3.0,entropy_vn,1.2207774122981983,4,charge_dephasing,0.02,schwinger,10,0.125,4.0,string_gs,e0_drop
3.0,mean_abs_L,0.29965558018498756,4,charge_dephasing,0.02,schwinger,10,0.125,4.0,string_gs,e0_drop
3.1,entropy_vn,1.2412311971545786,4,charge_dephasing,0.02,schwinger,10,0.125,4.0,string_gs,e0_drop
3.1,mean_abs_L,0.325255612901257,4,charge_dephasing,0.02,schwinger,10,0.125,4.0,string_gs,e0_drop
3.2,entropy_vn,1.2783580017314822,4,charge_dephasing,0.02,schwinger,10,0.125,4.0,string_gs,e0_drop
3.2,mean_abs_L,0.3389975113686368,4,charge_dephasing,0.02,schwinger,10,0.125,4.0,string_gs,e0_drop
3.3000000000000003,entropy_vn,1.3033247693063574,4,charge_dephasing,0.02,schwinger,10,0.125,4.0,string_gs,e0_drop
3.3000000000000003,mean_abs_L,0.33652394230496807,4,charge_dephasing,0.02,schwinger,10,0.125,4.0,string_gs,e0_drop
3.4000000000000004,entropy_vn,1.302023714931186,4,charge_dephasing,0.02,schwinger,10,0.125,4.0,string_gs,e0_drop
3.4000000000000004,mean_abs_L,0.3174258028001033,4,charge_dephasing,0.02,schwinger,10,0.125,4.0,string_gs,e0_drop
3.5,entropy_vn,1.2840567058287697,4,charge_dephasing,0.02,schwinger,10,0.125,4.0,string_gs,e0_drop
3.5,mean_abs_L,0.2870340265487935,4,charge_dephasing,0.02,schwinger,10,0.125,4.0,string_gs,e0_drop
3.6,entropy_vn,1.267682279601805,4,charge_dephasing,0.02,schwinger,10,0.125,4.0,string_gs,e0_drop
3.6,mean_abs_L,0.26963024472378033,4,charge_dephasing,0.02,schwinger,10,0.125,4.0,string_gs,e0_drop
3.7,entropy_vn,1.2554396873302434,4,charge_dephasing,0.02,schwinger,10,0.125,4.0,string_gs,e0_drop
3.7,mean_abs_L,0.24511727170524544,4,charge_dephasing,0.02,schwinger,10,0.125,4.0,string_gs,e0_drop
3.8000000000000003,entropy_vn,1.239748844217566,4,charge_dephasing,0.02,schwinger,10,0.125,4.0,string_gs,e0_drop
3.8000000000000003,mean_abs_L,0.22437850250884267,4,charge_dephasing,0.02,schwinger,10,0.125,4.0,string_gs,e0_drop
3.9000000000000004,entropy_vn,1.217536113429827,4,charge_dephasing,0.02,schwinger,10,0.125,4.0,string_gs,e0_drop
3.9000000000000004,mean_abs_L,0.21481495505642573,4,charge_dephasing,0.02,schwinger,10,0.125,4.0,string_gs,e0_drop
4.0,entropy_vn,1.1906880669769422,4,charge_dephasing,0.02,schwinger,10,0.125,4.0,string_gs,e0_drop
4.0,mean_abs_L,0.21568702987548927,4,charge_dephasing,0.02,schwinger,10,0.125,4.0,string_gs,e0_drop
4.1000000000000005,entropy_vn,1.1620695022989866,4,charge_dephasing,0.02,schwinger,10,0.125,4.0,string_gs,e0_drop
4.1000000000000005,mean_abs_L,0.22163873917009635,4,charge_dephasing,0.02,schwinger,10,0.125,4.0,string_gs,e0_drop
4.2,entropy_vn,1.140171501015402,4,charge_dephasing,0.02,schwinger,10,0.125,4.0,string_gs,e0_drop
4.2,mean_abs_L,0.22734677803073572,4,charge_dephasing,0.02,schwinger,10,0.125,4.0,string_gs,e0_drop
4.3,entropy_vn,1.153137681690286,4,charge_dephasing,0.02,schwinger,10,0.125,4.0,string_gs,e0_drop
4.3,mean_abs_L,0.23020901901716576,4,charge_dephasing,0.02,schwinger,10,0.125,4.0,string_gs,e0_drop
4.4,entropy_vn,1.2237439480015364,4,charge_dephasing,0.02,schwinger,10,0.125,4.0,string_gs,e0_drop
4.4,mean_abs_L,0.23063988748101416,4,charge_dephasing,0.02,schwinger,10,0.125,4.0,string_gs,e0_drop
4.5,entropy_vn,1.319088805130875,4,charge_dephasing,0.02,schwinger,10,0.125,4.0,string_gs,e0_drop
4.5,mean_abs_L,0.2297937561508382,4,charge_dephasing,0.02,schwinger,10,0.125,4.0,string_gs,e0_drop
4.6000000000000005,entropy_vn,1.381028498802455,4,charge_dephasing,0.02,schwinger,10,0.125,4.0,string_gs,e0_drop
4.6000000000000005,mean_abs_L,0.22827122131228197,4,charge_dephasing,0.02,schwinger,10,0.125,4.0,string_gs,e0_drop
4.7,entropy_vn,1.3963187600455247,4,charge_dephasing,0.02,schwinger,10,0.125,4.0,string_gs,e0_drop
4.7,mean_abs_L,0.229070987945202,4,charge_dephasing,0.02,schwinger,10,0.125,4.0,string_gs,e0_drop
4.800000000000001,entropy_vn,1.3913536443203895,4,charge_dephasing,0.02,schwinger,10,0.125,4.0,string_gs,e0_drop
4.800000000000001,mean_abs_L,0.23849313386448193,4,charge_dephasing,0.02,schwinger,10,0.125,4.0,string_gs,e0_drop
4.9,entropy_vn,1.3924948501926608,4,charge_dephasing,0.02,schwinger,10,0.125,4.0,string_gs,e0_drop
4.9,mean_abs_L,0.2583528765509451,4,charge_dephasing,0.02,schwinger,10,0.125,4.0,string_gs,e0_drop
5.0,entropy_vn,1.4056216929376288,4,charge_dephasing,0.02,schwinger,10,0.125,4.0,string_gs,e0_drop
5.0,mean_abs_L,0.27951035732843726,4,charge_dephasing,0.02,schwinger,10,0.125,4.0,string_gs,e0_drop
5.1000000000000005,entropy_vn,1.4217735284354105,4,charge_dephasing,0.02,schwinger,10,0.125,4.0,string_gs,e0_drop
5.1000000000000005,mean_abs_L,0.2958828551454286,4,charge_dephasing,0.02,schwinger,10,0.125,4.0,string_gs,e0_drop
5.2,entropy_vn,1.4342423357797254,4,charge_dephasing,0.02,schwinger,10,0.125,4.0,string_gs,e0_drop
5.2,mean_abs_L,0.31243961238242574,4,charge_dephasing,0.02,schwinger,10,0.125,4.0,string_gs,e0_drop
5.300000000000001,entropy_vn,1.4412950186075024,4,charge_dephasing,0.02,schwinger,10,0.125,4.0,string_gs,e0_drop
5.300000000000001,mean_abs_L,0.3199960273600555,4,charge_dephasing,0.02,schwinger,10,0.125,4.0,string_gs,e0_drop
5.4,entropy_vn,1.455344331321533,4,charge_dephasing,0.02,schwinger,10,0.125,4.0,string_gs,e0_drop
5.4,mean_abs_L,0.31337335460495663,4,charge_dephasing,0.02,schwinger,10,0.125,4.0,string_gs,e0_drop
5.5,entropy_vn,1.4868700372254637,4,charge_dephasing,0.02,schwinger,10,0.125,4.0,string_gs,e0_drop
5.5,mean_abs_L,0.2952203602324493,4,charge_dephasing,0.02,schwinger,10,0.125,4.0,string_gs,e0_drop
5.6000000000000005,entropy_vn,1.5299820131879442,4,charge_dephasing,0.02,schwinger,10,0.125,4.0,string_gs,e0_drop
5.6000000000000005,mean_abs_L,0.2802721266187034,4,charge_dephasing,0.02,schwinger,10,0.125,4.0,string_gs,e0_drop
5.7,entropy_vn,1.5627720982267985,4,charge_dephasing,0.02,schwinger,10,0.125,4.0,string_gs,e0_drop
5.7,mean_abs_L,0.26337718485960765,4,charge_dephasing,0.02,schwinger,10,0.125,4.0,string_gs,e0_drop
5.800000000000001,entropy_vn,1.5565518362914668,4,charge_dephasing,0.02,schwinger,10,0.125,4.0,string_gs,e0_drop
5.800000000000001,mean_abs_L,0.25737481786888833,4,charge_dephasing,0.02,schwinger,10,0.125,4.0,string_gs,e0_drop
5.9,entropy_vn,1.5019598746721696,4,charge_dephasing,0.02,schwinger,10,0.125,4.0,string_gs,e0_drop
5.9,mean_abs_L,0.24746375832717563,4,charge_dephasing,0.02,schwinger,10,0.125,4.0,string_gs,e0_drop
6.0,entropy_vn,1.425648336530878,4,charge_dephasing,0.02,schwinger,10,0.125,4.0,string_gs,e0_drop
6.0,mean_abs_L,0.23662435912917237,4,charge_dephasing,0.02,schwinger,10,0.125,4.0,string_gs,e0_drop
